Model,MSE,MAE,R2 Score,RMSE
LSTM,3.718e-05,0.004042,0.999614,0.006097
Bidirectional LSTM,0.00016016,0.008316,0.998335,0.012655
CNN,5.041e-05,0.005196,0.999476,0.0071
Hybrid CNN-LSTM,1.932e-05,0.002956,0.999799,0.004396
MLP,0.00010524,0.008211,0.998906,0.010259
RNN,0.00010233,0.007328,0.998936,0.010116
Hybrid MLP + CNN + LSTM,0.00034065,0.013151,0.996459,0.018457
Hybrid CNN + Bi-LSTM,0.00558172,0.052589,0.941983,0.074711
